COUNTRY,OBS_VALUE,LATEST_ACTUAL_ANNUAL_DATA,boundary_normalised,classification,observation_class
ABW,4284780000,2023,2023,economy,estimate
AFG,17816729000,FY2024/25,2024,economy,actual
AGO,119574114000,2024,2024,economy,actual
ALB,27083523000,2024,2024,economy,actual
AND,4042159000,2025,2025,economy,actual
ARE,552324847000,2024,2024,economy,actual
ARG,637234361000,2025,2025,economy,actual
ARM,25955275000,2025,2025,economy,actual
ATG,2162363000,2024,2024,economy,actual
AUS,1799417810000,2025,2025,economy,actual
AUT,534629641000,2025,2025,economy,actual
AZE,74426000000,2024,2024,economy,actual
BDI,4838322000,2024,2024,economy,actual
BEL,671168157000,2024,2024,economy,actual
BEN,21487287000,2024,2024,economy,actual
BFA,23129725000,2024,2024,economy,actual
BGD,450461024000,FY2024/25,2024,economy,actual
BGR,113363852000,2025,2025,economy,actual
BHR,47209628000,2024,2024,economy,actual
BHS,15832778000,2024,2024,economy,actual
BIH,29738058000,2024,2024,economy,actual
BLR,78846899000,2024,2024,economy,actual
BLZ,3203632000,2024,2024,economy,actual
BOL,55281337000,2025,2025,economy,actual
BRA,2185822364000,2025,2025,economy,actual
BRB,7597571000,2024,2024,economy,actual
BRN,15334492000,2024,2024,economy,actual
BTN,3147378000,FY2023/24,2023,economy,estimate
BWA,19356320000,2024,2024,economy,actual
CAF,2867888000,2019,2019,economy,estimate
CAN,2270076190000,2025,2025,economy,actual
CHE,970189555000,2025,2025,economy,actual
CHL,330209569000,2025,2025,economy,actual
CHN,18945112489000,2025,2025,economy,actual
CIV,87131998000,2024,2024,economy,actual
CMR,53308252000,2024,2024,economy,actual
COD,76730994000,2023,2023,economy,estimate
COG,14774407000,2022,2022,economy,estimate
COL,420504033000,2025,2025,economy,actual
COM,1442017000,2024,2024,economy,actual
CPV,2725913000,2024,2024,economy,actual
CRI,96730389000,2025,2025,economy,actual
CYP,37623146000,2025,2025,economy,actual
CZE,347082562000,2025,2025,economy,actual
DEU,4684181804000,2025,2025,economy,actual
DJI,4152146000,2024,2024,economy,actual
DMA,688881000,2024,2024,economy,actual
DNK,424524750000,2025,2025,economy,actual
DOM,124612989000,2025,2025,economy,actual
DZA,269139949000,2024,2024,economy,actual
ECU,123802374000,2025,2025,economy,actual
EGY,383105243000,FY2024/25,2024,economy,actual
ESP,1725152074000,2025,2025,economy,actual
EST,43117440000,2025,2025,economy,actual
ETH,142072517000,FY2024/25,2024,economy,actual
FIN,298639489000,2024,2024,economy,actual
FJI,5968126000,2024,2024,economy,actual
FRA,3161041745000,2025,2025,economy,actual
FSM,481121000,FY2023/24,2023,economy,estimate
G001,111598554140000,,,aggregate_or_other,estimate
G110,65382171695000,,,aggregate_or_other,estimate
G119,49681405746000,,,aggregate_or_other,estimate
G163,16597893232000,2025,2025,aggregate_or_other,actual
G200,46216382445000,,,aggregate_or_other,estimate
G205,6781193804000,,,aggregate_or_other,estimate
G400,5164935766000,,,aggregate_or_other,estimate
G505,26800138923000,,,aggregate_or_other,estimate
G510,3382408781000,,,aggregate_or_other,estimate
G603,1931640621000,,,aggregate_or_other,estimate
G903,5538473331000,,,aggregate_or_other,estimate
G998,19499034573000,,,aggregate_or_other,estimate
GAB,20900198000,2024,2024,economy,actual
GBR,3695355096000,2025,2025,economy,actual
GEO,34190986000,2025,2025,economy,actual
GHA,83288583000,2024,2024,economy,actual
GIN,24232615000,2024,2024,economy,actual
GMB,2402509000,2023,2023,economy,estimate
GNB,2186365000,2023,2023,economy,estimate
GNQ,12768536000,2024,2024,economy,actual
GRC,256161272000,2025,2025,economy,actual
GRD,1351270000,2025,2025,economy,actual
GTM,113189516000,2024,2024,economy,actual
GUY,24658682000,2025,2025,economy,actual
GX123,9329258785000,,,undeclared,estimate
HKG,408368665000,2025,2025,economy,actual
HND,37099982000,2024,2024,economy,actual
HRV,92955390000,2025,2025,economy,actual
HTI,25284984000,FY2024/25,2024,economy,actual
HUN,222878140000,2025,2025,economy,actual
IDN,1396301858000,2025,2025,economy,actual
IND,3760813656000,FY2024/25,2024,economy,actual
IRL,608973824000,2025,2025,economy,actual
IRN,416675876000,FY2024/25,2024,economy,actual
IRQ,286523416000,2025,2025,economy,actual
ISL,33186630000,2024,2024,economy,actual
ISR,542285413000,2025,2025,economy,actual
ITA,2382717723000,2025,2025,economy,actual
JAM,21900428000,2024,2024,economy,actual
JOR,58701116000,2024,2024,economy,actual
JPN,4190008188000,2025,2025,economy,actual
KAZ,291480274000,2024,2024,economy,actual
KEN,119306610000,2024,2024,economy,actual
KGZ,18175315000,2024,2024,economy,actual
KHM,46098206000,2024,2024,economy,actual
KIR,343135000,2024,2024,economy,actual
KNA,1050501000,2024,2024,economy,actual
KOR,1875388209000,2025,2025,economy,actual
KOS,11199698000,2025,2025,economy,actual
KWT,160901769000,2024,2024,economy,actual
LAO,15792369000,2025,2025,economy,actual
LBN,29338723000,2021,2021,economy,estimate
LBR,4777561000,2025,2025,economy,actual
LBY,49348790000,2019,2019,economy,estimate
LCA,2574477000,2024,2024,economy,actual
LIE,8464791000,2023,2023,economy,estimate
LKA,98963836000,2024,2024,economy,actual
LSO,2513694000,FY2024/25,2024,economy,actual
LTU,85481987000,2025,2025,economy,actual
LUX,93251788000,2024,2024,economy,actual
LVA,43988027000,2025,2025,economy,actual
MAC,49467260000,2025,2025,economy,actual
MAR,160605644000,2024,2024,economy,actual
MDA,18207644000,2025,2025,economy,actual
MDG,17592833000,2024,2024,economy,actual
MDV,7052044000,2024,2024,economy,actual
MEX,1830489280000,2024,2024,economy,actual
MHL,285388000,FY2023/24,2023,economy,estimate
MKD,16953507000,2025,2025,economy,actual
MLI,26777013000,2024,2024,economy,actual
MLT,25035172000,2025,2025,economy,actual
MMR,76758530000,FY2021/22,2021,economy,estimate
MNE,8271799000,2025,2025,economy,actual
MNG,23794545000,2025,2025,economy,actual
MOZ,22745341000,2023,2023,economy,estimate
MRT,11003248000,2024,2024,economy,actual
MUS,14985605000,2024,2024,economy,actual
MWI,11790442000,2024,2024,economy,actual
MYS,422227014000,2025,2025,economy,actual
NAM,13370039000,2024,2024,economy,actual
NER,19865637000,2022,2022,economy,estimate
NGA,252109392000,2024,2024,economy,actual
NIC,19696581000,2025,2025,economy,actual
NLD,1214561899000,2025,2025,economy,actual
NOR,500886328000,2025,2025,economy,actual
NPL,42914268000,FY2024/25,2024,economy,actual
NRU,167565000,FY2020/21,2020,economy,estimate
NZL,258826731000,2025,2025,economy,actual
OMN,107137061000,2025,2025,economy,actual
PAK,372243385000,FY2024/25,2024,economy,actual
PAN,86523959000,2025,2025,economy,actual
PER,295219889000,2025,2025,economy,actual
PHL,461617273000,2025,2025,economy,actual
PLW,321502000,FY2023/24,2023,economy,estimate
PNG,30756033000,2024,2024,economy,actual
POL,917622960000,2025,2025,economy,actual
PRI,125841500000,FY2023/24,2023,economy,estimate
PRT,313562428000,2024,2024,economy,actual
PRY,44738819000,2024,2024,economy,actual
QAT,219162637000,2023,2023,economy,estimate
ROU,382650332000,2025,2025,economy,actual
RUS,2185847663000,2025,2025,economy,actual
RWA,15110736000,2024,2024,economy,actual
SAU,1254141067000,2025,2025,economy,actual
SDN,29156000000,2019,2019,economy,estimate
SEN,32829217000,2024,2024,economy,actual
SGP,572877117000,2025,2025,economy,actual
SLB,1583965000,2024,2024,economy,actual
SLE,6969893000,2024,2024,economy,actual
SLV,35364970000,2024,2024,economy,actual
SMR,2086446000,2023,2023,economy,estimate
SOM,12161191000,2024,2024,economy,actual
SRB,90088367000,2025,2025,economy,actual
SSD,4636874000,2024,2024,economy,actual
STP,828350000,2024,2024,economy,actual
SUR,4434161000,2025,2025,economy,actual
SVK,140891621000,2025,2025,economy,actual
SVN,72949955000,2025,2025,economy,actual
SWE,604827393000,2024,2024,economy,actual
SWZ,4855136000,2024,2024,economy,actual
SYC,2228636000,2024,2024,economy,actual
TCD,20656060000,2024,2024,economy,actual
TGO,10643527000,2023,2023,economy,estimate
THA,529385520000,2025,2025,economy,actual
TJK,14425777000,2023,2023,economy,estimate
TKM,68675020000,2024,2024,economy,actual
TLS,1865609000,2024,2024,economy,actual
TON,646258000,FY2023/24,2023,economy,estimate
TTO,25633544000,2024,2024,economy,actual
TUN,51331350000,2025,2025,economy,actual
TUR,1358250905000,2025,2025,economy,actual
TUV,56451000,2024,2024,economy,actual
TWN,801495464000,2025,2025,economy,actual
TZA,79235714000,2023,2023,economy,estimate
UGA,57060646000,2024,2024,economy,actual
UKR,190833837000,2024,2024,economy,actual
URY,82322765000,2024,2024,economy,actual
USA,29298025000000,2025,2025,economy,actual
UZB,121352102000,2024,2024,economy,actual
VCT,1126479000,2024,2024,economy,actual
VEN,120566093000,2018,2018,economy,estimate
VNM,459448315000,2025,2025,economy,actual
VUT,1265202000,2024,2024,economy,actual
WBG,16016900000,2024,2024,economy,actual
WSM,1175750000,FY2024/25,2024,economy,actual
YEM,8058301000,2024,2024,economy,actual
ZAF,401075543000,2025,2025,economy,actual
ZMB,25303186000,2024,2024,economy,actual
ZWE,49154371000,2024,2024,economy,actual
SYR,,2010,2010,economy,no_value
ERI,,2019,2019,economy,no_value
